{
    "accuracy": 0.8462,
    "macro": {
        "precision": 0.7545171971748028,
        "recall": 0.8496044799498748,
        "f1_score": 0.7829571888276408
    },
    "weighted": {
        "precision": 0.8888178508109821,
        "recall": 0.8462,
        "f1_score": 0.8581268584241316
    },
    "per_class": {
        "low_or_medium_satisfaction": {
            "precision": 0.5451957295373665,
            "recall": 0.8549107142857143,
            "f1_score": 0.6657974793568013,
            "support": 896
        },
        "high_satisfaction": {
            "precision": 0.9638386648122392,
            "recall": 0.8442982456140351,
            "f1_score": 0.9001168982984803,
            "support": 4104
        }
    },
    "roc_auc": 0.9189948068957114,
    "pr_auc": 0.9793746752803584,
    "training_time_seconds": 0.1473066806793213,
    "training_size": 10000,
    "status": "Completed",
    "description": "Logistic Regression trained on sentence-transformers/all-MiniLM-L6-v2 embeddings (10000 train subset)",
    "confusion_matrix": {
        "true_negative": 766,
        "false_positive": 130,
        "false_negative": 639,
        "true_positive": 3465
    }
}